date,stocks_index,gold_price_inr_per_10g,inflation_yoy_pct
2023-07-09,,61573.7,5.53
2023-07-10,21840.35,61454.68,5.53
2023-07-11,22030.18,61375.95,5.53
2023-07-12,22267.72,60836.0,5.53
2023-07-13,21799.55,60491.4,5.53
2023-07-14,21496.81,60193.88,5.53
2023-07-15,21496.81,61096.25,5.53
2023-07-16,21496.81,61771.79,5.53
2023-07-17,21476.31,61634.42,5.53
2023-07-18,21284.16,61515.16,5.53
2023-07-19,21499.34,61106.17,5.53
2023-07-20,21692.67,60421.64,5.53
2023-07-21,21717.89,60394.17,5.53
2023-07-22,21717.89,60047.47,5.53
2023-07-23,21717.89,60031.71,5.53
2023-07-24,21919.97,59470.13,5.53
2023-07-25,22018.45,59212.91,5.53
2023-07-26,21795.82,59280.31,5.53
2023-07-27,22015.94,59425.19,5.53
2023-07-28,22013.46,59588.69,5.53
2023-07-29,22013.46,59131.26,5.53
2023-07-30,22013.46,59449.08,5.53
2023-07-31,22126.28,59178.3,5.53
2023-08-01,22098.33,59417.6,5.53
2023-08-02,22003.86,59428.46,5.542
2023-08-03,21928.23,58952.34,5.554
2023-08-04,22066.2,58855.03,5.566
2023-08-05,22066.2,58998.56,5.577
2023-08-06,22066.2,59230.09,5.589
2023-08-07,22390.12,59194.6,5.601
2023-08-08,22927.37,59753.23,5.612
2023-08-09,22834.88,60129.18,5.624
2023-08-10,22716.18,60051.41,5.636
2023-08-11,22522.75,60336.49,5.647
2023-08-12,22522.75,61051.44,5.659
2023-08-13,22522.75,61784.63,5.671
2023-08-14,22958.04,61344.64,5.683
2023-08-15,22755.89,61018.74,5.694
2023-08-16,22559.44,61577.43,5.706
2023-08-17,22730.74,61201.62,5.718
2023-08-18,22926.5,60731.06,5.729
2023-08-19,22926.5,60568.87,5.741
2023-08-20,22926.5,60736.52,5.753
2023-08-21,22983.17,60714.18,5.765
2023-08-22,23022.7,60492.16,5.776
2023-08-23,23088.14,60262.37,5.788
2023-08-24,23319.53,60019.67,5.8
2023-08-25,23387.06,59717.74,5.811
2023-08-26,23387.06,60549.99,5.823
2023-08-27,23387.06,60673.0,5.835
2023-08-28,23685.1,61010.78,5.847
2023-08-29,23859.91,60846.79,5.858
2023-08-30,23487.88,60793.9,5.87
2023-08-31,23415.54,60548.61,5.882
2023-09-01,23304.61,59600.2,5.893
2023-09-02,23304.61,59122.12,5.897
2023-09-03,23304.61,58494.41,5.9
2023-09-04,23480.84,57719.23,5.903
2023-09-05,23267.45,57319.5,5.906
2023-09-06,23525.43,57789.3,5.91
2023-09-07,23100.21,57788.15,5.913
2023-09-08,23025.2,58249.87,5.916
2023-09-09,23025.2,58407.87,5.919
2023-09-10,23025.2,58696.52,5.923
2023-09-11,23427.27,58393.71,5.926
2023-09-12,23641.94,58591.69,5.929
2023-09-13,23561.57,58862.31,5.932
2023-09-14,23452.03,58673.17,5.935
2023-09-15,23683.6,58884.62,5.939
2023-09-16,23683.6,59099.18,5.942
2023-09-17,23683.6,58918.88,5.945
2023-09-18,23042.07,58536.49,5.948
2023-09-19,22819.08,58135.04,5.952
2023-09-20,22953.83,58179.55,5.955
2023-09-21,22999.81,58308.05,5.958
2023-09-22,23184.55,58045.16,5.961
2023-09-23,23184.55,58068.73,5.965
2023-09-24,23184.55,58281.83,5.968
2023-09-25,23305.35,58512.38,5.971
2023-09-26,23236.22,59071.63,5.974
2023-09-27,23363.11,59538.8,5.978
2023-09-28,23203.2,59195.78,5.981
2023-09-29,23120.66,59808.35,5.984
2023-09-30,23120.66,59632.55,5.987
2023-10-01,23120.66,60021.11,5.991
2023-10-02,22872.48,60060.39,5.993
2023-10-03,22764.36,59926.68,5.995
2023-10-04,22777.43,59291.48,5.997
2023-10-05,22907.82,59245.06,5.999
2023-10-06,23030.34,58705.36,6.001
2023-10-07,23030.34,59060.55,6.003
2023-10-08,23030.34,59612.6,6.005
2023-10-09,23096.07,59342.27,6.007
2023-10-10,23085.9,59464.42,6.009
2023-10-11,22667.49,59220.27,6.011
2023-10-12,22316.56,59011.56,6.013
2023-10-13,22001.6,59300.33,6.015
2023-10-14,22001.6,59301.24,6.017
2023-10-15,22001.6,59934.85,6.019
2023-10-16,21666.75,59776.21,6.021
2023-10-17,21586.08,60149.37,6.023
2023-10-18,21904.0,60199.36,6.025
2023-10-19,21827.72,60501.63,6.027
2023-10-20,22014.33,60354.23,6.029
2023-10-21,22014.33,60351.16,6.031
2023-10-22,22014.33,60324.22,6.033
2023-10-23,21540.24,60036.49,6.036
2023-10-24,21469.31,60289.79,6.038
2023-10-25,21677.13,60539.87,6.04
2023-10-26,21274.71,60770.4,6.042
2023-10-27,21385.66,61345.8,6.044
2023-10-28,21385.66,61894.39,6.046
2023-10-29,21385.66,61770.41,6.048
2023-10-30,20990.27,61923.9,6.05
2023-10-31,21016.08,61707.48,6.052
2023-11-01,20902.85,61731.34,6.054
2023-11-02,20965.47,61524.42,6.055
2023-11-03,20979.67,62137.64,6.055
2023-11-04,20979.67,62288.55,6.056
2023-11-05,20979.67,62222.43,6.056
2023-11-06,21080.93,62683.39,6.057
2023-11-07,21131.71,61882.48,6.057
2023-11-08,21192.07,61149.91,6.058
2023-11-09,21518.16,61456.98,6.059
2023-11-10,21725.23,61494.43,6.059
2023-11-11,21725.23,61602.0,6.06
2023-11-12,21725.23,61126.94,6.06
2023-11-13,21900.38,61133.49,6.061
2023-11-14,21755.82,61883.45,6.062
2023-11-15,21543.57,62204.74,6.062
2023-11-16,21460.6,62283.42,6.063
2023-11-17,21144.98,62134.7,6.063
2023-11-18,21144.98,62002.92,6.064
2023-11-19,21144.98,61226.11,6.065
2023-11-20,20924.5,61335.85,6.065
2023-11-21,20699.88,61662.13,6.066
2023-11-22,20780.3,61094.39,6.066
2023-11-23,20980.95,60867.01,6.067
2023-11-24,21450.94,60459.31,6.067
2023-11-25,21450.94,60124.03,6.068
2023-11-26,21450.94,60158.14,6.069
2023-11-27,22025.92,59420.62,6.069
2023-11-28,21518.97,59654.27,6.07
2023-11-29,21591.73,59938.8,6.07
2023-11-30,21408.08,59863.28,6.071
2023-12-01,21319.61,58987.02,6.072
2023-12-02,21319.61,58648.91,6.069
2023-12-03,21319.61,59097.22,6.065
2023-12-04,21419.18,58126.76,6.062
2023-12-05,21465.54,58019.89,6.059
2023-12-06,21437.45,57623.42,6.056
2023-12-07,21202.59,57915.8,6.053
2023-12-08,20821.26,57695.48,6.05
2023-12-09,20821.26,57849.54,6.047
2023-12-10,20821.26,58060.08,6.044
2023-12-11,21127.66,58714.06,6.041
2023-12-12,21167.16,58657.05,6.038
2023-12-13,21405.22,58803.86,6.035
2023-12-14,21297.0,58294.39,6.032
2023-12-15,21028.7,58725.13,6.029
2023-12-16,21028.7,58471.65,6.026
2023-12-17,21028.7,58289.34,6.023
2023-12-18,21150.35,58295.93,6.02
2023-12-19,20968.48,57763.64,6.017
2023-12-20,21171.04,57857.17,6.014
2023-12-21,20970.0,58207.29,6.011
2023-12-22,21194.04,58323.95,6.007
2023-12-23,21194.04,57782.3,6.004
2023-12-24,21194.04,57753.63,6.001
2023-12-25,21265.39,58025.0,5.998
2023-12-26,21121.51,57385.48,5.995
2023-12-27,21234.37,57029.58,5.992
2023-12-28,21137.36,57343.57,5.989
2023-12-29,20861.62,57450.64,5.986
2023-12-30,20861.62,57606.82,5.983
2023-12-31,20861.62,58263.74,5.98
2024-01-01,20992.78,58441.9,5.977
2024-01-02,21038.89,58687.0,5.969
2024-01-03,21020.62,59655.99,5.961
2024-01-04,21095.89,59594.17,5.954
2024-01-05,21408.16,59323.57,5.946
2024-01-06,21408.16,59490.47,5.938
2024-01-07,21408.16,59661.83,5.93
2024-01-08,21651.02,59487.99,5.923
2024-01-09,21762.59,59134.17,5.915
2024-01-10,22139.73,59968.29,5.907
2024-01-11,22194.02,60100.68,5.899
2024-01-12,21904.77,59851.44,5.892
2024-01-13,21904.77,60195.11,5.884
2024-01-14,21904.77,60170.53,5.876
2024-01-15,22412.53,60094.08,5.868
2024-01-16,22378.06,60311.63,5.86
2024-01-17,22293.5,59859.01,5.853
2024-01-18,22661.62,60000.41,5.845
2024-01-19,22395.55,60703.88,5.837
2024-01-20,22395.55,60888.64,5.829
2024-01-21,22395.55,60766.21,5.822
2024-01-22,22264.32,60596.3,5.814
2024-01-23,22272.79,60462.05,5.806
2024-01-24,22242.47,60384.83,5.798
2024-01-25,22334.77,60262.84,5.791
2024-01-26,22690.31,60609.02,5.783
2024-01-27,22690.31,59993.67,5.775
2024-01-28,22690.31,60318.75,5.767
2024-01-29,22387.39,60196.21,5.76
2024-01-30,22385.17,60347.2,5.752
2024-01-31,22187.31,59954.02,5.744
2024-02-01,21899.53,60446.74,5.736
2024-02-02,21697.54,60913.41,5.722
2024-02-03,21697.54,61279.14,5.708
2024-02-04,21697.54,60737.32,5.693
2024-02-05,21545.28,61054.44,5.679
2024-02-06,21561.94,61217.81,5.665
2024-02-07,21456.52,60643.28,5.651
2024-02-08,21388.55,60649.39,5.636
2024-02-09,21633.8,60797.0,5.622
2024-02-10,21633.8,61014.83,5.608
2024-02-11,21633.8,61094.77,5.593
2024-02-12,22073.18,61216.59,5.579
2024-02-13,21913.83,61772.94,5.565
2024-02-14,21869.44,62242.59,5.551
2024-02-15,21937.32,61187.22,5.536
2024-02-16,21989.51,61085.77,5.522
2024-02-17,21989.51,61040.48,5.508
2024-02-18,21989.51,60413.84,5.493
2024-02-19,21832.08,60462.88,5.479
2024-02-20,22446.19,60930.81,5.465
2024-02-21,22919.4,60548.6,5.451
2024-02-22,22714.29,60685.74,5.436
2024-02-23,22652.4,60367.24,5.422
2024-02-24,22652.4,60138.75,5.408
2024-02-25,22652.4,60686.67,5.393
2024-02-26,22249.09,60504.08,5.379
2024-02-27,22553.93,60686.79,5.365
2024-02-28,22382.89,60020.41,5.351
2024-02-29,22231.6,60705.87,5.336
2024-03-01,21716.19,60940.35,5.322
2024-03-02,21716.19,60888.64,5.318
2024-03-03,21716.19,61113.92,5.315
2024-03-04,21327.32,60612.03,5.311
2024-03-05,21130.91,61057.03,5.308
2024-03-06,21118.23,60953.4,5.304
2024-03-07,20719.12,60893.8,5.301
2024-03-08,20393.81,60729.18,5.297
2024-03-09,20393.81,60532.58,5.293
2024-03-10,20393.81,60799.81,5.29
2024-03-11,20354.32,60908.15,5.286
2024-03-12,20774.49,61161.35,5.283
2024-03-13,21447.42,61173.2,5.279
2024-03-14,21180.38,61376.65,5.276
2024-03-15,21103.83,61237.54,5.272
2024-03-16,21103.83,62071.9,5.268
2024-03-17,21103.83,61503.26,5.265
2024-03-18,21379.47,61983.74,5.261
2024-03-19,21331.12,62507.75,5.258
2024-03-20,21522.83,62203.56,5.254
2024-03-21,21635.16,63050.91,5.25
2024-03-22,21555.08,63443.06,5.247
2024-03-23,21555.08,63828.37,5.243
2024-03-24,21555.08,63854.84,5.24
2024-03-25,21170.18,63787.36,5.236
2024-03-26,21117.38,63722.95,5.233
2024-03-27,21180.53,63887.97,5.229
2024-03-28,21060.39,64440.84,5.225
2024-03-29,21178.83,64526.83,5.222
2024-03-30,21178.83,64189.87,5.218
2024-03-31,21178.83,64523.22,5.215
2024-04-01,21562.43,64895.74,5.211
2024-04-02,21584.45,65166.65,5.203
2024-04-03,21593.89,65474.21,5.196
2024-04-04,21431.92,65383.92,5.188
2024-04-05,21515.89,65035.59,5.181
2024-04-06,21515.89,64712.85,5.173
2024-04-07,21515.89,64093.79,5.165
2024-04-08,22397.2,64200.72,5.158
2024-04-09,22502.04,64184.4,5.15
2024-04-10,22322.99,64030.79,5.143
2024-04-11,22059.58,62911.07,5.135
2024-04-12,22358.24,62455.77,5.127
2024-04-13,22358.24,62891.18,5.12
2024-04-14,22358.24,62655.9,5.112
2024-04-15,22137.79,62806.9,5.104
2024-04-16,23090.03,62251.22,5.097
2024-04-17,22098.15,62832.76,5.089
2024-04-18,20909.07,62886.28,5.082
2024-04-19,20540.78,63045.74,5.074
2024-04-20,20540.78,63849.64,5.066
2024-04-21,20540.78,63755.9,5.059
2024-04-22,20935.51,63707.05,5.051
2024-04-23,20718.05,63804.78,5.043
2024-04-24,21050.49,63729.94,5.036
2024-04-25,21486.63,64748.53,5.028
2024-04-26,21879.92,64922.2,5.021
2024-04-27,21879.92,65398.09,5.013
2024-04-28,21879.92,66271.6,5.005
2024-04-29,21441.8,66715.18,4.998
2024-04-30,21777.33,67945.43,4.99
2024-05-01,21702.37,68668.02,4.982
2024-05-02,21249.64,69645.73,4.988
2024-05-03,21919.08,70193.92,4.994
2024-05-04,21919.08,70955.94,5.0
2024-05-05,21919.08,70775.54,5.006
2024-05-06,20434.77,70430.44,5.012
2024-05-07,20369.85,70642.07,5.018
2024-05-08,20365.0,71078.49,5.023
2024-05-09,20138.02,71113.18,5.029
2024-05-10,20072.72,70581.84,5.035
2024-05-11,20072.72,70023.19,5.041
2024-05-12,20072.72,69440.86,5.047
2024-05-13,20907.71,68721.51,5.053
2024-05-14,21187.63,68783.6,5.059
2024-05-15,21299.21,69264.86,5.064
2024-05-16,21717.1,69276.37,5.07
2024-05-17,21831.45,68353.89,5.076
2024-05-18,21831.45,68292.51,5.082
2024-05-19,21831.45,68242.64,5.088
2024-05-20,22003.22,69117.69,5.094
2024-05-21,21844.02,68530.44,5.1
2024-05-22,22091.34,68386.7,5.105
2024-05-23,21814.64,69103.51,5.111
2024-05-24,22011.9,69307.12,5.117
2024-05-25,22011.9,69558.46,5.123
2024-05-26,22011.9,69623.43,5.129
2024-05-27,22461.71,69778.43,5.135
2024-05-28,22921.36,70121.2,5.14
2024-05-29,23115.61,69797.92,5.146
2024-05-30,22725.98,70182.85,5.152
2024-05-31,22719.16,69621.98,5.158
2024-06-01,22719.16,69776.32,5.164
2024-06-02,22719.16,69868.36,5.169
2024-06-03,22698.81,69627.23,5.174
2024-06-04,22867.9,69634.92,5.18
2024-06-05,22702.07,69391.99,5.185
2024-06-06,22458.83,68962.89,5.19
2024-06-07,22476.74,68833.58,5.195
2024-06-08,22476.74,68394.6,5.201
2024-06-09,22476.74,68543.93,5.206
2024-06-10,22116.89,68087.85,5.211
2024-06-11,22407.61,68395.5,5.216
2024-06-12,22567.44,67927.51,5.222
2024-06-13,22008.5,67713.46,5.227
2024-06-14,22091.79,67476.39,5.232
2024-06-15,22091.79,68029.53,5.237
2024-06-16,22091.79,68181.12,5.243
2024-06-17,22634.2,68111.31,5.248
2024-06-18,22130.38,68331.92,5.253
2024-06-19,21996.15,67484.84,5.258
2024-06-20,22148.73,67484.01,5.264
2024-06-21,21773.06,68309.45,5.269
2024-06-22,21773.06,68380.54,5.274
2024-06-23,21773.06,68425.27,5.279
2024-06-24,22452.19,68667.17,5.285
2024-06-25,22320.98,69053.1,5.29
2024-06-26,22530.53,68242.53,5.295
2024-06-27,22805.17,67570.52,5.3
2024-06-28,22873.54,67672.44,5.306
2024-06-29,22873.54,67398.86,5.311
2024-06-30,22873.54,67946.06,5.316
2024-07-01,22812.17,67834.32,5.321
2024-07-02,22785.11,67063.68,5.33
2024-07-03,22756.83,66569.99,5.339
2024-07-04,22862.73,65488.13,5.348
2024-07-05,23124.16,65412.29,5.357
2024-07-06,23124.16,65354.48,5.365
2024-07-07,23124.16,65204.15,5.374
2024-07-08,23225.76,65642.31,5.383
2024-07-09,23045.93,66130.54,5.392
2024-07-10,22847.54,66079.24,5.4
2024-07-11,22908.36,65249.18,5.409
2024-07-12,23131.14,65506.93,5.418
2024-07-13,23131.14,65741.36,5.427
2024-07-14,23131.14,65879.61,5.435
2024-07-15,23724.25,66283.81,5.444
2024-07-16,23954.29,65836.9,5.453
2024-07-17,24110.75,66646.64,5.462
2024-07-18,24738.61,66279.41,5.471
2024-07-19,24693.58,66593.7,5.479
2024-07-20,24693.58,65935.92,5.488
2024-07-21,24693.58,65584.16,5.497
2024-07-22,24483.94,66197.03,5.506
2024-07-23,24523.68,66109.72,5.514
2024-07-24,24887.65,66459.19,5.523
2024-07-25,24459.87,66570.06,5.532
2024-07-26,24133.78,66544.55,5.541
2024-07-27,24133.78,67105.5,5.549
2024-07-28,24133.78,67026.76,5.558
2024-07-29,23646.4,66327.15,5.567
2024-07-30,23793.07,66023.84,5.576
2024-07-31,23875.76,66258.47,5.584
2024-08-01,23515.15,66432.04,5.593
2024-08-02,22927.86,65823.81,5.597
2024-08-03,22927.86,65553.96,5.601
2024-08-04,22927.86,65341.32,5.605
2024-08-05,22967.89,65214.15,5.609
2024-08-06,23155.26,64691.86,5.612
2024-08-07,23200.58,64463.91,5.616
2024-08-08,23404.7,64197.99,5.62
2024-08-09,23473.93,64511.0,5.624
2024-08-10,23473.93,64840.09,5.628
2024-08-11,23473.93,64799.36,5.631
2024-08-12,23412.17,64662.91,5.635
2024-08-13,23473.06,64733.14,5.639
2024-08-14,23695.17,64431.95,5.643
2024-08-15,23602.89,64004.48,5.647
2024-08-16,23748.5,63659.19,5.65
2024-08-17,23748.5,63432.42,5.654
2024-08-18,23748.5,63005.25,5.658
2024-08-19,23895.44,63082.05,5.662
2024-08-20,23381.99,63373.79,5.666
2024-08-21,23058.74,62785.94,5.67
2024-08-22,22692.86,62810.88,5.673
2024-08-23,22120.24,62743.48,5.677
2024-08-24,22120.24,62887.52,5.681
2024-08-25,22120.24,62898.14,5.685
2024-08-26,22095.77,62365.08,5.689
2024-08-27,22153.48,61908.09,5.692
2024-08-28,22428.58,61934.28,5.696
2024-08-29,22765.93,62331.85,5.7
2024-08-30,22758.56,61519.13,5.704
2024-08-31,22758.56,61661.92,5.708
2024-09-01,22758.56,62117.25,5.712
2024-09-02,22937.8,62075.53,5.713
2024-09-03,22797.84,62295.76,5.713
2024-09-04,22436.5,62048.33,5.714
2024-09-05,22227.1,62019.19,5.715
2024-09-06,22149.27,61431.32,5.716
2024-09-07,22149.27,60582.37,5.717
2024-09-08,22149.27,60940.0,5.718
2024-09-09,22451.11,60594.87,5.719
2024-09-10,22557.92,60444.2,5.72
2024-09-11,22309.57,59956.29,5.721
2024-09-12,22435.8,59463.85,5.722
2024-09-13,22413.25,59416.49,5.723
2024-09-14,22413.25,59171.05,5.724
2024-09-15,22413.25,59319.83,5.725
2024-09-16,22067.49,59495.52,5.726
2024-09-17,21947.52,59624.73,5.727
2024-09-18,21698.84,59724.79,5.728
2024-09-19,21552.14,60304.9,5.729
2024-09-20,21662.99,59933.49,5.729
2024-09-21,21662.99,59928.51,5.73
2024-09-22,21662.99,60350.57,5.731
2024-09-23,21810.91,60823.35,5.732
2024-09-24,22137.29,60319.48,5.733
2024-09-25,22063.48,60221.31,5.734
2024-09-26,21714.68,60726.89,5.735
2024-09-27,21979.07,60926.99,5.736
2024-09-28,21979.07,61013.39,5.737
2024-09-29,21979.07,60948.74,5.738
2024-09-30,22289.95,60823.42,5.739
2024-10-01,22267.52,60943.6,5.74
2024-10-02,22362.67,60866.34,5.743
2024-10-03,22852.36,60865.8,5.746
2024-10-04,23384.44,60909.51,5.748
2024-10-05,23384.44,60676.73,5.751
2024-10-06,23384.44,60885.41,5.754
2024-10-07,23751.99,61965.04,5.757
2024-10-08,23541.41,61319.65,5.76
2024-10-09,23637.94,61453.98,5.763
2024-10-10,23641.53,61188.83,5.766
2024-10-11,23733.49,61415.9,5.769
2024-10-12,23733.49,61448.2,5.771
2024-10-13,23733.49,61744.24,5.774
2024-10-14,22607.96,62194.95,5.777
2024-10-15,22339.95,62282.09,5.78
2024-10-16,22236.99,62720.49,5.783
2024-10-17,22174.98,61853.74,5.786
2024-10-18,22657.2,62459.25,5.789
2024-10-19,22657.2,62615.2,5.792
2024-10-20,22657.2,63035.58,5.794
2024-10-21,22806.72,62589.75,5.797
2024-10-22,22714.55,62293.2,5.8
2024-10-23,22653.41,62363.1,5.803
2024-10-24,22709.48,62372.1,5.806
2024-10-25,22874.07,62493.42,5.809
2024-10-26,22874.07,62915.48,5.812
2024-10-27,22874.07,62264.63,5.815
2024-10-28,22795.65,62643.79,5.817
2024-10-29,22807.19,62662.35,5.82
2024-10-30,23468.85,62601.19,5.823
2024-10-31,23536.69,62064.06,5.826
2024-11-01,23918.02,62266.69,5.829
2024-11-02,23918.02,61380.13,5.827
2024-11-03,23918.02,61634.06,5.826
2024-11-04,24111.48,61097.47,5.824
2024-11-05,24076.81,61132.13,5.823
2024-11-06,23880.88,61103.5,5.821
2024-11-07,24004.34,61547.34,5.82
2024-11-08,23789.97,61496.54,5.818
2024-11-09,23789.97,61255.58,5.817
2024-11-10,23789.97,61084.49,5.815
2024-11-11,24379.66,61566.07,5.814
2024-11-12,24313.54,61779.36,5.812
2024-11-13,24445.56,61651.65,5.811
2024-11-14,24373.23,61579.39,5.809
2024-11-15,24634.7,61015.54,5.808
2024-11-16,24634.7,61172.8,5.806
2024-11-17,24634.7,60541.97,5.805
2024-11-18,23553.95,60829.99,5.803
2024-11-19,23176.87,60891.93,5.802
2024-11-20,23534.7,61779.02,5.8
2024-11-21,23776.72,61386.46,5.799
2024-11-22,23598.92,61363.79,5.797
2024-11-23,23598.92,62041.02,5.796
2024-11-24,23598.92,62499.8,5.794
2024-11-25,22347.61,62254.14,5.793
2024-11-26,22952.36,62353.14,5.791
2024-11-27,23072.18,62369.27,5.79
2024-11-28,22940.24,62490.16,5.788
2024-11-29,23067.61,62243.6,5.787
2024-11-30,23067.61,62225.59,5.785
2024-12-01,23067.61,61644.3,5.784
2024-12-02,22651.94,61709.47,5.778
2024-12-03,22640.37,61891.31,5.772
2024-12-04,22847.2,61822.12,5.767
2024-12-05,22943.79,61238.29,5.761
2024-12-06,23122.48,61616.61,5.755
2024-12-07,23122.48,61766.57,5.75
2024-12-08,23122.48,61512.73,5.744
2024-12-09,23619.96,61424.34,5.739
2024-12-10,23378.2,60886.42,5.733
2024-12-11,23160.13,60526.83,5.727
2024-12-12,23510.54,60346.44,5.722
2024-12-13,23471.32,60806.11,5.716
2024-12-14,23471.32,60587.79,5.711
2024-12-15,23471.32,60835.46,5.705
2024-12-16,24128.66,60653.97,5.699
2024-12-17,24174.09,60759.16,5.694
2024-12-18,24253.31,60722.59,5.688
2024-12-19,24681.34,61055.65,5.683
2024-12-20,24593.89,60874.79,5.677
2024-12-21,24593.89,60315.43,5.671
2024-12-22,24593.89,59830.19,5.666
2024-12-23,24371.7,59654.01,5.66
2024-12-24,23962.58,59221.65,5.655
2024-12-25,24141.07,59382.01,5.649
2024-12-26,24008.53,59230.7,5.643
2024-12-27,24322.14,60089.21,5.638
2024-12-28,24322.14,59477.52,5.632
2024-12-29,24322.14,59564.85,5.626
2024-12-30,23071.89,59176.42,5.621
2024-12-31,22872.27,59015.83,5.615
2025-01-01,22944.57,59080.45,5.61
2025-01-02,22909.35,58270.72,5.604
2025-01-03,22855.5,58367.89,5.598
2025-01-04,22855.5,59048.69,5.592
2025-01-05,22855.5,58902.6,5.586
2025-01-06,22642.57,59008.94,5.581
2025-01-07,22828.51,59386.37,5.575
2025-01-08,23004.88,59342.6,5.569
2025-01-09,23112.36,59150.37,5.563
2025-01-10,23263.94,58357.29,5.557
2025-01-11,23263.94,58596.12,5.552
2025-01-12,23263.94,58570.78,5.546
2025-01-13,23870.39,58229.34,5.54
2025-01-14,23800.18,58287.93,5.534
2025-01-15,23613.29,58098.18,5.528
2025-01-16,23355.47,57928.3,5.523
2025-01-17,23045.95,58153.31,5.517
2025-01-18,23045.95,57700.66,5.511
2025-01-19,23045.95,58077.47,5.505
2025-01-20,22916.8,57604.75,5.499
2025-01-21,22939.69,57389.9,5.493
2025-01-22,22756.53,58066.2,5.488
2025-01-23,22991.8,58473.29,5.482
2025-01-24,23188.84,58521.95,5.476
2025-01-25,23188.84,58206.13,5.47
2025-01-26,23188.84,58035.64,5.464
2025-01-27,23150.83,58075.46,5.459
2025-01-28,23208.81,58102.86,5.453
2025-01-29,22849.24,58085.51,5.447
2025-01-30,22842.12,58089.08,5.441
2025-01-31,22917.94,58028.69,5.435
2025-02-01,22917.94,57540.94,5.43
2025-02-02,22917.94,57376.81,5.43
2025-02-03,22404.17,57705.82,5.431
2025-02-04,22743.25,57246.29,5.432
2025-02-05,23065.39,57195.29,5.432
2025-02-06,23011.39,56928.08,5.433
2025-02-07,23113.43,56980.15,5.433
2025-02-08,23113.43,56861.34,5.434
2025-02-09,23113.43,57379.4,5.435
2025-02-10,22172.15,57567.95,5.435
2025-02-11,21920.34,57129.04,5.436
2025-02-12,22102.17,57373.2,5.437
2025-02-13,22597.4,57120.68,5.437
2025-02-14,22314.8,56937.02,5.438
2025-02-15,22314.8,57058.26,5.439
2025-02-16,22314.8,56903.98,5.439
2025-02-17,22588.78,57222.86,5.44
2025-02-18,22294.91,56971.05,5.441
2025-02-19,22365.72,56773.53,5.441
2025-02-20,22823.56,56563.94,5.442
2025-02-21,22418.83,56385.92,5.443
2025-02-22,22418.83,56771.69,5.443
2025-02-23,22418.83,56999.88,5.444
2025-02-24,21902.83,57598.73,5.444
2025-02-25,22108.17,58396.62,5.445
2025-02-26,22176.59,58049.87,5.446
2025-02-27,21753.28,58088.71,5.446
2025-02-28,21886.11,57693.09,5.447
2025-03-01,21886.11,57438.14,5.448
2025-03-02,21886.11,57235.16,5.444
2025-03-03,21928.39,56886.24,5.441
2025-03-04,21784.4,56541.24,5.437
2025-03-05,21923.58,56506.23,5.434
2025-03-06,22117.14,56107.65,5.431
2025-03-07,22235.81,56404.98,5.427
2025-03-08,22235.81,56108.29,5.424
2025-03-09,22235.81,57067.97,5.42
2025-03-10,21731.59,56927.48,5.417
2025-03-11,21797.31,56966.12,5.414
2025-03-12,21465.46,56537.42,5.41
2025-03-13,21580.22,57130.11,5.407
2025-03-14,21398.16,57527.94,5.403
2025-03-15,21398.16,57644.61,5.4
2025-03-16,21398.16,57193.01,5.396
2025-03-17,21346.39,57279.41,5.393
2025-03-18,21211.54,56908.12,5.39
2025-03-19,21559.39,57421.47,5.386
2025-03-20,21464.3,57714.42,5.383
2025-03-21,21481.25,57761.7,5.379
2025-03-22,21481.25,56931.57,5.376
2025-03-23,21481.25,56609.68,5.372
2025-03-24,21537.0,56857.24,5.369
2025-03-25,21420.02,57285.03,5.366
2025-03-26,21332.38,57680.39,5.362
2025-03-27,21661.45,57143.64,5.359
2025-03-28,21422.96,57261.13,5.355
2025-03-29,21422.96,57624.14,5.352
2025-03-30,21422.96,57064.99,5.349
2025-03-31,21847.52,57076.35,5.345
2025-04-01,21759.66,57184.21,5.342
2025-04-02,21305.56,57095.11,5.342
2025-04-03,21242.1,56474.7,5.342
2025-04-04,21184.49,56378.26,5.341
2025-04-05,21184.49,56281.44,5.341
2025-04-06,21184.49,56245.32,5.341
2025-04-07,21042.05,56069.03,5.341
2025-04-08,21172.64,55933.82,5.341
2025-04-09,20833.83,55934.29,5.341
2025-04-10,21003.17,56096.57,5.341
2025-04-11,21486.58,56007.94,5.341
2025-04-12,21486.58,55884.09,5.341
2025-04-13,21486.58,55928.83,5.34
2025-04-14,21441.92,55298.02,5.34
2025-04-15,21596.4,55469.92,5.34
2025-04-16,21194.69,55483.41,5.34
2025-04-17,21242.27,55510.31,5.34
2025-04-18,21160.3,55843.98,5.34
2025-04-19,21160.3,55203.43,5.34
2025-04-20,21160.3,54563.27,5.34
2025-04-21,21972.8,54666.36,5.34
2025-04-22,21715.62,54677.51,5.34
2025-04-23,21865.37,54746.82,5.339
2025-04-24,21951.74,54608.52,5.339
2025-04-25,21751.48,54839.66,5.339
2025-04-26,21751.48,55160.05,5.339
2025-04-27,21751.48,55333.83,5.339
2025-04-28,22034.66,55260.88,5.339
2025-04-29,21634.18,54575.67,5.339
2025-04-30,21639.44,54841.02,5.339
2025-05-01,21434.08,55256.55,5.339
2025-05-02,21362.72,55483.87,5.341
2025-05-03,21362.72,55204.71,5.344
2025-05-04,21362.72,55441.5,5.346
2025-05-05,20598.19,55741.43,5.349
2025-05-06,20716.4,56276.52,5.352
2025-05-07,20606.33,55994.57,5.354
2025-05-08,20033.97,55932.29,5.357
2025-05-09,20215.68,56196.86,5.36
2025-05-10,20215.68,56230.08,5.362
2025-05-11,20215.68,55866.98,5.365
2025-05-12,19851.77,56019.73,5.367
2025-05-13,20182.04,56924.43,5.37
2025-05-14,20229.3,56983.72,5.373
2025-05-15,20424.48,56678.48,5.375
2025-05-16,20390.62,57124.57,5.378
2025-05-17,20390.62,57820.52,5.38
2025-05-18,20390.62,58015.21,5.383
2025-05-19,21056.43,58079.46,5.386
2025-05-20,21126.83,58405.01,5.388
2025-05-21,21281.64,59008.65,5.391
2025-05-22,20233.58,58875.87,5.394
2025-05-23,19743.18,59274.57,5.396
2025-05-24,19743.18,59030.08,5.399
2025-05-25,19743.18,58766.86,5.401
2025-05-26,20200.51,58694.58,5.404
2025-05-27,20000.33,59084.71,5.407
2025-05-28,20391.0,59866.3,5.409
2025-05-29,20454.73,59702.52,5.412
2025-05-30,20382.68,60326.95,5.414
2025-05-31,20382.68,60694.3,5.417
2025-06-01,20382.68,61916.79,5.42
2025-06-02,19816.02,62108.57,5.427
2025-06-03,19654.12,61866.04,5.434
2025-06-04,19161.05,61818.69,5.441
2025-06-05,18966.3,62221.07,5.449
2025-06-06,18783.65,62383.27,5.456
2025-06-07,18783.65,61875.77,5.463
2025-06-08,18783.65,62134.43,5.47
2025-06-09,18945.14,61745.4,5.478
2025-06-10,18738.59,62283.92,5.485
2025-06-11,18735.03,62681.99,5.492
2025-06-12,18959.43,62806.47,5.499
2025-06-13,18764.17,62881.2,5.507
2025-06-14,18764.17,63084.05,5.514
2025-06-15,18764.17,63887.78,5.521
2025-06-16,19444.57,64129.05,5.528
2025-06-17,19754.75,63665.63,5.536
2025-06-18,19287.34,63955.58,5.543
2025-06-19,19676.36,63991.82,5.55
2025-06-20,18888.01,63900.61,5.557
2025-06-21,18888.01,63802.74,5.565
2025-06-22,18888.01,63854.2,5.572
2025-06-23,19002.95,63555.26,5.579
2025-06-24,19211.72,63971.82,5.586
2025-06-25,19222.22,64283.25,5.594
2025-06-26,18674.98,64895.3,5.601
2025-06-27,18345.98,64607.94,5.608
2025-06-28,18345.98,64746.43,5.615
2025-06-29,18345.98,65713.45,5.623
2025-06-30,18489.29,66045.15,5.63
2025-07-01,18022.4,66341.67,5.637
2025-07-02,17938.15,64741.53,5.642
2025-07-03,17843.74,64641.6,5.646
2025-07-04,17907.0,64245.04,5.65
2025-07-05,17907.0,64337.84,5.655
2025-07-06,17907.0,63751.03,5.659
2025-07-07,17635.27,63974.4,5.663
2025-07-08,17729.83,64383.43,5.668
2025-07-09,17748.94,64096.76,5.672
2025-07-10,17863.82,63675.33,5.676
2025-07-11,17834.74,62867.32,5.681
2025-07-12,17834.74,62782.33,5.685
2025-07-13,17834.74,62578.72,5.689
2025-07-14,18097.31,62011.79,5.694
2025-07-15,18265.86,62195.64,5.698
2025-07-16,17948.37,62043.05,5.703
2025-07-17,17512.52,61657.9,5.707
2025-07-18,17713.14,61467.94,5.711
2025-07-19,17713.14,61878.2,5.716
2025-07-20,17713.14,62117.31,5.72
2025-07-21,17403.02,62084.17,5.724
2025-07-22,17429.58,62330.1,5.729
2025-07-23,17615.65,61911.31,5.733
2025-07-24,17971.66,61938.6,5.737
2025-07-25,18081.57,62008.62,5.742
2025-07-26,18081.57,61849.11,5.746
2025-07-27,18081.57,62025.95,5.751
2025-07-28,17856.44,61750.8,5.755
2025-07-29,17805.46,61954.92,5.759
2025-07-30,17614.42,62175.34,5.764
2025-07-31,18019.07,61102.42,5.768
2025-08-01,18380.77,61553.87,5.772
2025-08-02,18380.77,60443.48,5.772
2025-08-03,18380.77,60234.97,5.773
2025-08-04,18619.49,60620.39,5.773
2025-08-05,18758.62,60519.94,5.773
2025-08-06,18858.13,60002.46,5.773
2025-08-07,19125.59,59623.49,5.773
2025-08-08,19267.61,60005.56,5.773
2025-08-09,19267.61,59328.55,5.774
2025-08-10,19267.61,59745.07,5.774
2025-08-11,19659.42,59740.05,5.774
2025-08-12,19282.29,59327.38,5.774
2025-08-13,19308.44,59134.44,5.774
2025-08-14,19198.74,58788.1,5.774
2025-08-15,18936.84,59108.14,5.775
2025-08-16,18936.84,59382.47,5.775
2025-08-17,18936.84,58784.58,5.775
2025-08-18,19973.53,58656.73,5.775
2025-08-19,20038.32,58367.4,5.775
2025-08-20,20344.77,58834.78,5.775
2025-08-21,20356.35,58372.69,5.776
2025-08-22,20410.65,58948.95,5.776
2025-08-23,20410.65,58951.71,5.776
2025-08-24,20410.65,58555.25,5.776
2025-08-25,20293.27,58331.74,5.776
2025-08-26,20011.34,58065.57,5.776
2025-08-27,20008.81,57635.82,5.777
2025-08-28,20000.0,57682.82,5.777
2025-08-29,20404.19,57272.07,5.777
2025-08-30,20404.19,56536.94,5.777
2025-08-31,20404.19,56422.09,5.777
2025-09-01,20690.84,55825.68,5.777
2025-09-02,20709.93,55587.5,5.781
2025-09-03,20672.75,55298.0,5.785
2025-09-04,20435.63,55022.58,5.789
2025-09-05,20410.59,55696.73,5.793
2025-09-06,20410.59,55729.32,5.797
2025-09-07,20410.59,55825.11,5.802
2025-09-08,20103.39,55243.87,5.806
2025-09-09,20198.69,55040.72,5.81
2025-09-10,19810.52,55125.4,5.814
2025-09-11,19792.44,54800.12,5.818
2025-09-12,20017.86,55112.21,5.822
2025-09-13,20017.86,54728.1,5.826
2025-09-14,20017.86,54647.56,5.83
2025-09-15,20515.01,54468.88,5.834
2025-09-16,20333.27,54536.01,5.838
2025-09-17,20099.76,54339.88,5.842
2025-09-18,20184.72,54264.95,5.846
2025-09-19,20277.75,54201.45,5.85
2025-09-20,20277.75,53975.99,5.854
2025-09-21,20277.75,54146.4,5.858
2025-09-22,20810.46,54237.2,5.862
2025-09-23,20534.72,54221.73,5.866
2025-09-24,20471.6,54095.06,5.87
2025-09-25,20529.46,54366.93,5.874
2025-09-26,20492.78,54303.41,5.878
2025-09-27,20492.78,54216.87,5.882
2025-09-28,20492.78,54264.3,5.886
2025-09-29,20332.65,54830.06,5.89
2025-09-30,20201.05,54402.63,5.894
2025-10-01,20279.08,54667.34,5.898
2025-10-02,20198.26,54059.85,5.901
2025-10-03,20261.31,54143.65,5.905
2025-10-04,20261.31,54668.69,5.908
2025-10-05,20261.31,54842.46,5.912
2025-10-06,19987.54,54912.13,5.915
2025-10-07,20312.38,54741.01,5.919
2025-10-08,20061.59,54764.71,5.922
2025-10-09,19603.25,54695.39,5.926
2025-10-10,19210.33,54450.94,5.929
2025-10-11,19210.33,54369.66,5.932
2025-10-12,19210.33,54447.78,5.936
2025-10-13,19223.3,54210.57,5.939
2025-10-14,19488.44,53961.68,5.943
2025-10-15,18923.97,53534.58,5.946
2025-10-16,19014.64,53673.28,5.95
2025-10-17,19349.54,53862.13,5.953
2025-10-18,19349.54,53950.28,5.957
2025-10-19,19349.54,54276.01,5.96
2025-10-20,18896.99,54318.01,5.963
2025-10-21,18719.33,54459.16,5.967
2025-10-22,18660.32,54571.87,5.97
2025-10-23,18961.48,54555.35,5.974
2025-10-24,19352.99,54395.05,5.977
2025-10-25,19352.99,55131.1,5.981
2025-10-26,19352.99,54995.19,5.984
2025-10-27,19718.89,54789.03,5.988
2025-10-28,20107.88,54945.22,5.991
2025-10-29,20096.02,55041.79,5.994
2025-10-30,20133.77,54591.43,5.998
2025-10-31,20223.5,54972.62,6.001
2025-11-01,20223.5,54955.11,6.005
2025-11-02,20223.5,54602.35,6.0
2025-11-03,20989.44,55005.28,5.995
2025-11-04,21222.32,55225.33,5.991
2025-11-05,21147.12,54819.94,5.986
2025-11-06,21042.42,55418.01,5.981
2025-11-07,21261.92,55650.73,5.976
2025-11-08,21261.92,55661.05,5.972
2025-11-09,21261.92,56205.85,5.967
2025-11-10,21365.57,56273.43,5.962
2025-11-11,21454.0,56277.83,5.957
2025-11-12,21563.65,56068.74,5.953
2025-11-13,21113.62,56278.31,5.948
2025-11-14,21277.65,56453.12,5.943
2025-11-15,21277.65,56472.01,5.938
2025-11-16,21277.65,56218.26,5.934
2025-11-17,20727.93,56275.95,5.929
2025-11-18,20756.13,56266.26,5.924
2025-11-19,20606.85,55829.96,5.92
2025-11-20,20804.22,55350.7,5.915
2025-11-21,20506.15,55552.03,5.91
2025-11-22,20506.15,54698.49,5.905
2025-11-23,20506.15,54779.39,5.901
2025-11-24,20299.28,54635.76,5.896
2025-11-25,20370.41,55078.1,5.891
2025-11-26,20153.46,54928.6,5.886
2025-11-27,20322.82,55159.49,5.882
2025-11-28,20345.78,55041.73,5.877
2025-11-29,20345.78,55092.87,5.872
2025-11-30,20345.78,55350.02,5.867
2025-12-01,19516.4,55210.06,5.863
2025-12-02,19477.48,55553.79,5.857
2025-12-03,19463.82,55236.26,5.852
2025-12-04,19466.33,55347.52,5.847
2025-12-05,19523.13,55667.56,5.842
2025-12-06,19523.13,55901.74,5.837
2025-12-07,19523.13,56558.32,5.831
2025-12-08,19259.66,56313.19,5.826
2025-12-09,19036.44,55861.09,5.821
2025-12-10,19105.25,55541.6,5.816
2025-12-11,19375.22,55775.39,5.81
2025-12-12,19291.75,55955.77,5.805
2025-12-13,19291.75,56003.9,5.8
2025-12-14,19291.75,55640.37,5.795
2025-12-15,18264.87,55910.1,5.79
2025-12-16,18160.79,55513.05,5.784
2025-12-17,18087.13,55912.76,5.779
2025-12-18,18102.7,56885.15,5.774
2025-12-19,18048.53,57024.25,5.769
2025-12-20,18048.53,57237.82,5.763
2025-12-21,18048.53,57082.67,5.758
2025-12-22,17972.77,56476.75,5.753
2025-12-23,18075.29,56286.44,5.748
2025-12-24,17777.85,55931.23,5.742
2025-12-25,17861.82,55459.42,5.737
2025-12-26,17889.76,56046.22,5.732
2025-12-27,17889.76,56151.8,5.727
2025-12-28,17889.76,56293.57,5.722
2025-12-29,18071.99,56203.07,5.716
2025-12-30,18489.45,56158.64,5.711
2025-12-31,18451.67,56497.49,5.706
2026-01-01,18200.53,56500.46,5.701
2026-01-02,18222.47,56694.3,5.693
2026-01-03,18222.47,56641.6,5.684
2026-01-04,18222.47,56539.29,5.676
2026-01-05,17959.45,56075.95,5.668
2026-01-06,18077.05,55424.36,5.66
2026-01-07,17961.23,55351.04,5.652
2026-01-08,18164.15,55383.45,5.644
2026-01-09,18403.36,54969.73,5.636
2026-01-10,18403.36,54971.91,5.627
2026-01-11,18403.36,55003.19,5.619
2026-01-12,19109.69,54305.23,5.611
2026-01-13,18722.67,54020.45,5.603
2026-01-14,18665.37,54165.77,5.595
2026-01-15,18495.51,54304.92,5.587
2026-01-16,18527.84,53942.41,5.579
2026-01-17,18527.84,54006.99,5.571
2026-01-18,18527.84,54351.61,5.562
2026-01-19,18782.69,54618.42,5.554
2026-01-20,18755.82,54600.66,5.546
2026-01-21,18849.38,54460.82,5.538
2026-01-22,18809.45,54268.6,5.53
2026-01-23,18833.32,54434.31,5.522
2026-01-24,18833.32,54511.45,5.514
2026-01-25,18833.32,54730.75,5.506
2026-01-26,19195.04,54787.55,5.497
2026-01-27,19551.26,55070.21,5.489
2026-01-28,19626.38,55115.04,5.481
2026-01-29,19762.23,55388.12,5.473
2026-01-30,19520.67,55691.18,5.465
2026-01-31,19520.67,55436.08,5.457
2026-02-01,19520.67,54848.33,5.449
2026-02-02,19917.1,55369.8,5.446
2026-02-03,19972.15,55468.72,5.443
2026-02-04,20175.61,54911.8,5.44
2026-02-05,20293.33,54690.16,5.437
2026-02-06,20570.13,54956.92,5.434
2026-02-07,20570.13,54878.25,5.432
2026-02-08,20570.13,54723.18,5.429
2026-02-09,20657.8,55196.64,5.426
2026-02-10,20000.88,54863.41,5.423
2026-02-11,20093.85,54614.2,5.42
2026-02-12,19296.2,54696.93,5.417
2026-02-13,18938.81,54838.56,5.415
2026-02-14,18938.81,55015.39,5.412
2026-02-15,18938.81,55329.75,5.409
2026-02-16,18913.02,55409.32,5.406
2026-02-17,18773.13,55585.68,5.403
2026-02-18,19064.35,55512.94,5.4
2026-02-19,18971.16,55547.51,5.397
2026-02-20,19447.5,55597.04,5.395
2026-02-21,19447.5,55682.51,5.392
2026-02-22,19447.5,55954.34,5.389
2026-02-23,19907.67,56154.51,5.386
2026-02-24,19945.05,56183.26,5.383
2026-02-25,19733.84,55924.35,5.38
2026-02-26,19718.64,55960.85,5.378
2026-02-27,19719.52,55965.24,5.375
2026-02-28,19719.52,56043.91,5.372
2026-03-01,19719.52,56799.7,5.369
2026-03-02,19236.09,56635.21,5.366
2026-03-03,19440.08,56792.67,5.363
2026-03-04,19455.96,57170.76,5.359
2026-03-05,19403.93,57218.47,5.356
2026-03-06,19389.74,58035.19,5.353
2026-03-07,19389.74,57917.86,5.35
2026-03-08,19389.74,58044.77,5.346
2026-03-09,19379.38,57780.88,5.343
2026-03-10,19165.8,57673.26,5.34
2026-03-11,19407.06,57773.62,5.337
2026-03-12,19327.51,58081.23,5.333
2026-03-13,19034.72,58206.75,5.33
2026-03-14,19034.72,58660.84,5.327
2026-03-15,19034.72,58641.88,5.324
2026-03-16,18926.25,58539.46,5.32
2026-03-17,18982.29,59503.64,5.317
2026-03-18,19144.17,59659.06,5.314
2026-03-19,19231.37,59416.23,5.311
2026-03-20,19373.46,59183.38,5.307
2026-03-21,19373.46,58863.22,5.304
2026-03-22,19373.46,59208.52,5.301
2026-03-23,19105.05,59093.67,5.298
2026-03-24,19011.93,59153.4,5.294
2026-03-25,19202.29,59145.44,5.291
2026-03-26,19523.13,59419.61,5.288
2026-03-27,19917.0,59132.39,5.285
2026-03-28,19917.0,58765.36,5.281
2026-03-29,19917.0,58858.94,5.278
2026-03-30,20285.36,59085.68,5.275
2026-03-31,20465.32,59218.14,5.272
2026-04-01,20501.54,58945.13,5.268
2026-04-02,20539.98,59199.27,5.268
2026-04-03,20735.06,58949.65,5.267
2026-04-04,20735.06,58779.72,5.266
2026-04-05,20735.06,58461.3,5.266
2026-04-06,20488.52,58932.12,5.265
2026-04-07,20640.33,59170.63,5.264
2026-04-08,20650.02,59400.0,5.263
2026-04-09,20736.31,59859.16,5.263
2026-04-10,20898.2,60884.09,5.262
2026-04-11,20898.2,60274.72,5.261
2026-04-12,20898.2,60022.55,5.26
2026-04-13,21100.15,59815.44,5.26
2026-04-14,20822.76,59524.84,5.259
2026-04-15,21162.21,59154.66,5.258
2026-04-16,21054.88,59062.89,5.257
2026-04-17,20680.74,58646.31,5.257
2026-04-18,20680.74,58778.67,5.256
2026-04-19,20680.74,58811.4,5.255
2026-04-20,20251.7,58995.64,5.255
2026-04-21,20199.53,59189.91,5.254
2026-04-22,20133.51,59418.65,5.253
2026-04-23,20279.54,59300.18,5.252
2026-04-24,20364.21,60069.51,5.252
2026-04-25,20364.21,60168.81,5.251
2026-04-26,20364.21,59511.27,5.25
2026-04-27,20693.19,59168.02,5.249
2026-04-28,20222.4,58564.72,5.249
2026-04-29,20150.16,58585.25,5.248
2026-04-30,19675.71,58556.88,5.247
2026-05-01,19692.1,58406.74,5.247
2026-05-02,19692.1,59125.86,5.249
2026-05-03,19692.1,59335.19,5.252
2026-05-04,20203.99,59608.32,5.254
2026-05-05,20257.87,59290.02,5.257
2026-05-06,20155.22,58949.2,5.259
2026-05-07,20271.58,58976.75,5.262
2026-05-08,20162.71,59052.52,5.264
2026-05-09,20162.71,58409.36,5.267
2026-05-10,20162.71,58360.57,5.269
2026-05-11,20282.56,58379.89,5.272
2026-05-12,20471.17,58318.92,5.274
2026-05-13,20632.64,58048.69,5.277
2026-05-14,20424.95,57875.08,5.279
2026-05-15,20652.68,57827.94,5.282
2026-05-16,20652.68,57873.7,5.284
2026-05-17,20652.68,58097.98,5.287
2026-05-18,20687.06,58489.08,5.289
2026-05-19,20500.57,58400.21,5.292
2026-05-20,20388.28,58254.77,5.294
2026-05-21,20518.86,58422.11,5.297
2026-05-22,20312.13,58650.63,5.3
2026-05-23,20312.13,58512.3,5.302
2026-05-24,20312.13,58804.21,5.305
2026-05-25,20112.32,59164.33,5.307
2026-05-26,20145.36,59637.45,5.31
2026-05-27,20695.99,60288.49,5.312
2026-05-28,20391.47,59989.94,5.315
2026-05-29,20730.55,60009.74,5.317
2026-05-30,20730.55,60028.59,5.32
2026-05-31,20730.55,60008.07,5.322
2026-06-01,20913.09,59789.1,5.325
2026-06-02,21024.52,59270.92,5.329
2026-06-03,20998.16,59318.5,5.333
2026-06-04,21343.18,59059.66,5.337
2026-06-05,21245.33,59104.69,5.34
2026-06-06,21245.33,58837.68,5.344
2026-06-07,21245.33,58463.98,5.348
2026-06-08,21371.23,58560.58,5.352
2026-06-09,21128.56,58628.05,5.356
2026-06-10,21243.54,58846.28,5.36
2026-06-11,21590.51,59632.57,5.364
2026-06-12,21581.56,59746.48,5.368
2026-06-13,21581.56,59935.11,5.372
2026-06-14,21581.56,59562.38,5.376
2026-06-15,21245.09,59117.16,5.38
2026-06-16,20882.13,59693.17,5.384
2026-06-17,20681.56,59377.14,5.388
2026-06-18,20742.18,59019.86,5.392
2026-06-19,21052.18,59020.57,5.396
2026-06-20,21052.18,59003.18,5.399
2026-06-21,21052.18,58698.23,5.403
2026-06-22,21931.45,58605.29,5.407
2026-06-23,21999.83,59052.03,5.411
2026-06-24,21972.83,58781.02,5.415
2026-06-25,22086.98,58303.98,5.419
2026-06-26,22111.66,58648.1,5.423
2026-06-27,22111.66,58835.8,5.427
2026-06-28,22111.66,58631.25,5.431
2026-06-29,21728.74,58089.12,5.435
2026-06-30,21369.27,57843.92,5.439
2026-07-01,21532.15,57839.19,5.443
2026-07-02,21476.02,58257.98,5.464
2026-07-03,21344.57,57910.01,5.486
2026-07-04,21344.57,57894.93,5.507
2026-07-05,21344.57,58143.73,5.529
2026-07-06,21604.12,57327.33,5.55
2026-07-07,21457.64,57697.05,5.572
2026-07-08,21756.45,57301.93,5.593
2026-07-09,22143.88,57430.21,5.615
